chip,label,field,system,structure,n_structures,x_centre_um,y_centre_um,width_um,height_um,n_rects_written,raster_nm,pump_centre_x_um,pump_centre_y_um,set,variation,stretch_fraction,d_nm,a_nm,v_a_over_d,s_nm,a_latt_nm,unit_cell_nm,period_written_nm,supercells,bulk_pillar_centres_exposed,intra_cc_nm,intra_gap_nm,inter_cc_nm,inter_gap_nm,set_E_confine_meV,set_B_meV,pump_apothem_sim_um
shc_field,1,0,kek,shc_field_f0_kek_set3_s000,3,46.49,430.8425,72.98,78.315,2450,10,46.49,430.842,set3,stretch 0 % of s_opt,0.0,2070.78,2445.37,1.18089,0.0,7336.1,7336.10x12706.50,7336x12706,10x6,683,2445.37,374.6,2445.37,374.6,18.802,2.429,9.607
shc_field,2,0,kek,shc_field_f0_kek_set3_s050,3,134.54,430.8425,73.12,78.315,2337,10,134.54,430.842,set3,stretch 50 % of s_opt,0.5,2070.78,2445.37,1.18089,70.36,7336.1,7336.10x12706.50,7336x12706,10x6,683,2515.73,444.9,2304.64,233.9,18.802,2.429,9.607
shc_field,3,0,kek,shc_field_f0_kek_set3_s080,3,222.705,430.8425,73.21,78.315,2396,10,222.71,430.842,set3,stretch 80 % of s_opt,0.8,2070.78,2445.37,1.18089,112.58,7336.1,7336.10x12706.50,7336x12706,10x6,683,2557.95,487.2,2220.21,149.4,18.802,2.429,9.607
shc_field,4,0,kek,shc_field_f0_kek_set3_s100,3,310.94,430.8425,73.26,78.315,2262,10,310.94,430.842,set3,stretch 100 % of s_opt (GPE set),1.0,2070.78,2445.37,1.18089,140.72,7336.1,7336.10x12706.50,7336x12706,10x6,683,2586.09,515.3,2163.92,93.1,18.802,2.429,9.607
shc_field,5,0,kek,shc_field_f0_kek_set3_s120,3,399.23,430.8425,73.32,78.315,2274,10,399.23,430.842,set3,stretch 120 % of s_opt,1.2,2070.78,2445.37,1.18089,168.87,7336.1,7336.10x12706.50,7336x12706,10x6,683,2614.24,543.5,2107.63,36.8,18.802,2.429,9.607
shc_field,6,0,kek,shc_field_f0_kek_set3_ddm80,3,46.59,331.5675,73.18,78.235,2154,10,46.59,331.567,set3,diameter -80 nm at fixed centres,1.0,1990.78,2445.37,1.22834,140.72,7336.1,7336.10x12706.50,7336x12706,10x6,683,2586.09,595.3,2163.92,173.1,18.802,2.429,9.607
shc_field,7,0,kek,shc_field_f0_kek_set3_ddm40,3,134.79,331.5475,73.22,78.275,2198,10,134.79,331.547,set3,diameter -40 nm at fixed centres,1.0,2030.78,2445.37,1.20415,140.72,7336.1,7336.10x12706.50,7336x12706,10x6,683,2586.09,555.3,2163.92,133.1,18.802,2.429,9.607
shc_field,8,0,kek,shc_field_f0_kek_set3_ddp40,3,223.05,331.5075,73.3,78.355,2305,10,223.05,331.507,set3,diameter +40 nm at fixed centres,1.0,2110.78,2445.37,1.15851,140.72,7336.1,7336.10x12706.50,7336x12706,10x6,683,2586.09,475.3,2163.92,53.1,18.802,2.429,9.607
shc_field,9,0,kek,shc_field_f0_kek_set3_v1p151,3,314.0,332.4965,78.6,76.377,2476,10,317.574,332.496,set3,overlap v -0.03,1.0,2070.78,2383.24,1.15089,140.72,7149.73,7149.73x12383.70,7149x12383,11x6,753,2523.97,453.2,2101.8,31.0,18.802,2.429,9.363
shc_field,10,0,kek,shc_field_f0_kek_set3_v1p211,3,405.8305,330.558,75.061,80.254,2453,10,405.83,330.559,set3,overlap v +0.03,1.0,2070.78,2507.49,1.21089,140.72,7522.47,7522.47x13029.31,7522x13029,10x6,683,2648.21,577.4,2226.04,155.3,18.802,2.429,9.851
shc_field,11,0,kek,shc_field_f0_kek_set1_s000,3,47.132,233.2255,74.264,72.411,2402,10,50.518,233.226,set1,stretch 0 % of s_opt,0.0,2019.39,2257.89,1.11811,0.0,6773.67,6773.67x11732.34,6773x11732,11x6,753,2257.89,238.5,2257.89,238.5,17.501,2.957,8.87
shc_field,12,0,kek,shc_field_f0_kek_set1_s050,3,136.446,233.2255,74.364,72.411,2355,10,139.832,233.226,set1,stretch 50 % of s_opt,0.5,2019.39,2257.89,1.11811,51.53,6773.67,6773.67x11732.34,6773x11732,11x6,753,2309.42,290.0,2154.83,135.4,17.501,2.957,8.87
shc_field,13,0,kek,shc_field_f0_kek_set1_s080,3,225.84,233.2255,74.424,72.411,2401,10,229.226,233.226,set1,stretch 80 % of s_opt,0.8,2019.39,2257.89,1.11811,82.45,6773.67,6773.67x11732.34,6773x11732,11x6,753,2340.34,321.0,2092.99,73.6,17.501,2.957,8.87
shc_field,14,0,kek,shc_field_f0_kek_set1_s100,3,315.284,233.2255,74.464,72.411,2317,10,318.67,233.226,set1,stretch 100 % of s_opt (GPE set),1.0,2019.39,2257.89,1.11811,103.06,6773.67,6773.67x11732.34,6773x11732,11x6,753,2360.95,341.6,2051.77,32.4,17.501,2.957,8.87
shc_field,15,0,kek,shc_field_f0_kek_set1_s120,5,406.7855,233.2255,78.539,72.411,2538,10,410.171,233.226,set1,stretch 120 % of s_opt,1.2,2019.39,2257.89,1.11811,123.67,6773.67,6773.67x11732.34,6773x11732,11x6,753,2381.56,362.2,2010.55,-8.8,17.501,2.957,8.87
shc_field,16,0,kek,shc_field_f0_kek_set1_ddm80,3,47.192,139.8545,74.384,72.331,2237,10,50.578,139.855,set1,diameter -80 nm at fixed centres,1.0,1939.39,2257.89,1.16423,103.06,6773.67,6773.67x11732.34,6773x11732,11x6,753,2360.95,421.6,2051.77,112.4,17.501,2.957,8.87
shc_field,17,0,kek,shc_field_f0_kek_set1_ddm40,3,136.596,139.8345,74.424,72.371,2256,10,139.982,139.835,set1,diameter -40 nm at fixed centres,1.0,1979.39,2257.89,1.1407,103.06,6773.67,6773.67x11732.34,6773x11732,11x6,753,2360.95,381.6,2051.77,72.4,17.501,2.957,8.87
shc_field,18,0,kek,shc_field_f0_kek_set1_ddp40,5,228.1175,139.7945,78.619,72.451,2548,10,231.503,139.795,set1,diameter +40 nm at fixed centres,1.0,2059.39,2257.89,1.09639,103.06,6773.67,6773.67x11732.34,6773x11732,11x6,753,2360.95,301.6,2051.77,-7.6,17.501,2.957,8.87
shc_field,19,0,kek,shc_field_f0_kek_set1_v1p088,5,323.981,135.051,83.108,81.938,2524,10,320.686,135.051,set1,overlap v -0.03,1.0,2019.39,2197.31,1.08811,103.06,6591.93,6591.93x11417.55,6591x11417,12x7,964,2300.37,281.0,1991.19,-28.2,17.501,2.957,8.632
shc_field,20,0,kek,shc_field_f0_kek_set1_v1p148,3,418.7375,138.869,76.405,74.302,2420,10,415.26,138.869,set1,overlap v +0.03,1.0,2019.39,2318.47,1.14811,103.06,6955.41,6955.41x12047.13,6955x12047,11x6,753,2421.53,402.1,2112.35,93.0,17.501,2.957,9.108
shc_field,21,0,ref,shc_field_f0_ref_overlap_series_2024,1,144.906,47.926,119.812,50.312,2669,25,,,,2024 KPZ field overlap_series: dimers d 1.8 / 2.1 um, v 0.4-1.3, plus 50 x 50 um planar mesa,,,,,,,,,,,,,,,,,
